metric,index,mean,std
time,0,1.6432978027271774,2.590526205450456
time,1,0.10119189856187352,0.12304234032651079
time,2,0.14237881156633486,0.08182320283807173
time,3,0.2556553561732454,0.15568598578763088
time,4,0.5986350662303421,0.34243072082384146
time,5,1.2285209016979866,1.0058306727712971
time,6,0.7873539879636945,0.5458408363257851
time,7,0.9416595494972085,0.685883617905577
time,8,1.0696267271941562,0.8226937451468843
time,9,1.178848221616925,0.9504455093838509
time,10,0.033251245066804706,0.023799413706054998
time,11,0.7976193023177812,0.5862453395749729
time,12,0.028900114995128703,0.01940573272781856
time,13,0.5285586456082901,0.3614229459492852
time,14,0.004916384535015754,0.0007495982530069603
time,15,0.004693944499177753,0.0008773593988777498
time,16,0.005257669484840249,0.001131419966087431
accuracy (train),0,0.9010139836019826,0.0864720043406356
accuracy (train),1,0.766582742811274,0.11116968572696176
accuracy (train),2,0.7933074171205158,0.10997047750004282
accuracy (train),3,0.8296879757112829,0.10901401737008277
accuracy (train),4,0.8784562620850619,0.09619441462545489
accuracy (train),5,0.9594490573254925,0.07584339352091116
accuracy (train),6,0.8189113473621442,0.10674066170117696
accuracy (train),7,0.8918293655526013,0.08684030524483578
accuracy (train),8,0.9350021286504966,0.07780786139239805
accuracy (train),9,0.9552640979900089,0.07539113443144056
accuracy (train),10,0.9594794838393065,0.07584366622716879
accuracy (train),11,0.9593926141618763,0.07587603348111598
accuracy (train),12,0.5114768733856551,0.14221959942324808
accuracy (train),13,0.3289845864108872,0.13532756530791903
accuracy (train),14,0.051876825897665534,0.052275379053608066
accuracy (train),15,0.05223980363290995,0.057354973655731056
accuracy (train),16,0.06266840978173178,0.03808735955046963
accuracy (test),0,0.7510272166329375,0.13007362069723982
accuracy (test),1,0.7184773169825345,0.11761033714717109
accuracy (test),2,0.7335024300651226,0.11983584483801725
accuracy (test),3,0.748599718707556,0.12280886709461811
accuracy (test),4,0.7565488500660865,0.12539869899404785
accuracy (test),5,0.7296183095969279,0.14225563659744958
accuracy (test),6,0.7286459254970592,0.1253345506479677
accuracy (test),7,0.7410645250158859,0.1307813700815127
accuracy (test),8,0.7368267202581044,0.13699460009152845
accuracy (test),9,0.7322520290321265,0.14144716572593993
accuracy (test),10,0.7266387693097897,0.1402614283815162
accuracy (test),11,0.665744909919878,0.15194212905093302
accuracy (test),12,0.5066356656487288,0.13988519253942255
accuracy (test),13,0.3237083158965247,0.12976259430581938
accuracy (test),14,0.052465830469752124,0.058447935268040166
accuracy (test),15,0.0496396522074124,0.0505655971836933
accuracy (test),16,0.06391503336802667,0.039666032796771174
precision (train),0,0.9010139836019826,0.0864720043406356
precision (train),1,0.766582742811274,0.11116968572696176
precision (train),2,0.7933074171205158,0.10997047750004282
precision (train),3,0.8296879757112829,0.10901401737008277
precision (train),4,0.8784562620850619,0.09619441462545489
precision (train),5,0.9594490573254925,0.07584339352091116
precision (train),6,0.8189113473621442,0.10674066170117696
precision (train),7,0.8918293655526013,0.08684030524483578
precision (train),8,0.9350021286504966,0.07780786139239805
precision (train),9,0.9552640979900089,0.07539113443144056
precision (train),10,0.9594794838393065,0.07584366622716879
precision (train),11,0.9593926141618763,0.07587603348111598
precision (train),12,0.5114768733856551,0.14221959942324808
precision (train),13,0.3289845864108872,0.13532756530791903
precision (train),14,0.051876825897665534,0.052275379053608066
precision (train),15,0.05223980363290995,0.057354973655731056
precision (train),16,0.06514552233957076,0.040028408629679775
precision (test),0,0.7549295041957668,0.1291283685742344
precision (test),1,0.7254811092121679,0.11989755710848968
precision (test),2,0.7392699927828341,0.12171072136533609
precision (test),3,0.7529225669635491,0.12384836940127572
precision (test),4,0.7607938457712379,0.12464094562927895
precision (test),5,0.7340995811579316,0.14237247439708284
precision (test),6,0.7393511568773181,0.12585405904752026
precision (test),7,0.7471500806232032,0.13111347871297424
precision (test),8,0.7416760730544285,0.13709989958483018
precision (test),9,0.7364576147694992,0.14164396958207381
precision (test),10,0.7317717970028934,0.13950315734987837
precision (test),11,0.673097847310877,0.15117566515951839
precision (test),12,0.5104996859798141,0.1512463817497865
precision (test),13,0.2347438315636423,0.1575268041646777
precision (test),14,0.00616882450397778,0.015064381114293137
precision (test),15,0.005020974689816396,0.008607571518585029
precision (test),16,0.1010898799617652,0.048054151085498736
recall (train),0,0.9010139836019826,0.0864720043406356
recall (train),1,0.766582742811274,0.11116968572696176
recall (train),2,0.7933074171205158,0.10997047750004282
recall (train),3,0.8296879757112829,0.10901401737008277
recall (train),4,0.8784562620850619,0.09619441462545489
recall (train),5,0.9594490573254925,0.07584339352091116
recall (train),6,0.8189113473621442,0.10674066170117696
recall (train),7,0.8918293655526013,0.08684030524483578
recall (train),8,0.9350021286504966,0.07780786139239805
recall (train),9,0.9552640979900089,0.07539113443144056
recall (train),10,0.9594794838393065,0.07584366622716879
recall (train),11,0.9593926141618763,0.07587603348111598
recall (train),12,0.5114768733856551,0.14221959942324808
recall (train),13,0.3289845864108872,0.13532756530791903
recall (train),14,0.051876825897665534,0.052275379053608066
recall (train),15,0.05223980363290995,0.057354973655731056
recall (train),16,0.06514552233957076,0.040028408629679775
recall (test),0,0.7510272166329375,0.13007362069723982
recall (test),1,0.7184773169825345,0.11761033714717109
recall (test),2,0.7335024300651226,0.11983584483801725
recall (test),3,0.748599718707556,0.12280886709461811
recall (test),4,0.7565488500660865,0.12539869899404785
recall (test),5,0.7296183095969279,0.14225563659744958
recall (test),6,0.7286459254970592,0.1253345506479677
recall (test),7,0.7410645250158859,0.1307813700815127
recall (test),8,0.7368267202581044,0.13699460009152845
recall (test),9,0.7322520290321265,0.14144716572593993
recall (test),10,0.7266387693097897,0.1402614283815162
recall (test),11,0.665744909919878,0.15194212905093302
recall (test),12,0.5066356656487288,0.13988519253942255
recall (test),13,0.3237083158965247,0.12976259430581938
recall (test),14,0.052465830469752124,0.058447935268040166
recall (test),15,0.0496396522074124,0.0505655971836933
recall (test),16,0.06257919364241622,0.03299289876460484
f1 (train),0,0.9010139836019826,0.0864720043406356
f1 (train),1,0.766582742811274,0.11116968572696176
f1 (train),2,0.7933074171205158,0.10997047750004282
f1 (train),3,0.8296879757112829,0.10901401737008277
f1 (train),4,0.8784562620850619,0.09619441462545489
f1 (train),5,0.9594490573254925,0.07584339352091116
f1 (train),6,0.8189113473621442,0.10674066170117696
f1 (train),7,0.8918293655526013,0.08684030524483578
f1 (train),8,0.9350021286504966,0.07780786139239805
f1 (train),9,0.9552640979900089,0.07539113443144056
f1 (train),10,0.9594794838393065,0.07584366622716879
f1 (train),11,0.9593926141618763,0.07587603348111598
f1 (train),12,0.5114768733856551,0.14221959942324808
f1 (train),13,0.3289845864108872,0.13532756530791903
f1 (train),14,0.051876825897665534,0.052275379053608066
f1 (train),15,0.05223980363290995,0.057354973655731056
f1 (train),16,0.06514552233957076,0.040028408629679775
f1 (test),0,0.7506301408206812,0.12945378623145595
f1 (test),1,0.7125703726913143,0.12135817190066324
f1 (test),2,0.7293353130486276,0.12281076610667307
f1 (test),3,0.745902439904923,0.12446486601403141
f1 (test),4,0.755749568821578,0.12515730216859153
f1 (test),5,0.7295020865935627,0.14152340638387492
f1 (test),6,0.7250876971698448,0.12673580899364686
f1 (test),7,0.7399904810270074,0.13095626012964182
f1 (test),8,0.7365202186645545,0.13667209311820938
f1 (test),9,0.7320934054442546,0.1408272799143593
f1 (test),10,0.7270045022336651,0.13991780045973548
f1 (test),11,0.6669061819968369,0.15136849549474088
f1 (test),12,0.47508138144747236,0.1506564736458898
f1 (test),13,0.24013877977814135,0.1451038620417278
f1 (test),14,0.010484498360935136,0.023653608585951492
f1 (test),15,0.008886284318871344,0.014712924889200172
f1 (test),16,0.07038124379015064,0.03359438974862747
